,0,1,2,3,4,5,6,7,8,9,10,11,12,13,14,15,16,17,18,19
0,1016 - 0.996399998664856,761 - 0.9948999881744384,1838 - 0.9958000183105468,1354 - 0.9941999912261964,580 - 0.9865999817848206,177 - 0.9958999752998352,1030 - 0.9832999706268309,4344 - 0.9958999752998352,1935 - 0.9958000183105468,1016 - 0.996399998664856,1129 - 0.9728000164031982,76 - 0.9861999750137328,3399 - 0.995199978351593,709 - 0.9937000274658204,365 - 0.9448999762535096,1067 - 0.9965000152587892,1505 - 0.9975000023841858,2026 - 0.9843000173568726,3479 - 0.9954000115394592,1935 - 0.9958000183105468
1,1351 - 0.9929999709129332,1807 - 0.9487000107765198,1640 - 0.9936000108718872,1930 - 0.9855999946594238,749 - 0.9688000082969666,114 - 0.9929999709129332,219 - 0.975499987602234,5190 - 0.9929999709129332,1018 - 0.9887999892234802,177 - 0.9958999752998352,746 - 0.9635000228881836,157 - 0.9778000116348268,1360 - 0.9922000169754028,505 - 0.9937000274658204,403 - 0.9103000164031982,709 - 0.9937000274658204,1573 - 0.9878000020980836,1266 - 0.9819999933242798,3399 - 0.995199978351593,3160 - 0.9904000163078308
2,925 - 0.9887999892234802,2789 - 0.944599986076355,221 - 0.982699990272522,219 - 0.975499987602234,1086 - 0.9276999831199646,1176 - 0.9915000200271606,2394 - 0.9258000254631042,4909 - 0.967199981212616,2205 - 0.9792000055313109,2509 - 0.9955999851226808,877 - 0.95660001039505,303 - 0.9455000162124634,1018 - 0.9887999892234802,221 - 0.982699990272522,419 - 0.9065999984741212,843 - 0.9854000210762024,1229 - 0.9697999954223632,2410 - 0.975000023841858,3682 - 0.994599997997284,620 - 0.9832999706268309
3,1161 - 0.965499997138977,2776 - 0.8828999996185303,1229 - 0.9697999954223632,2058 - 0.963800013065338,937 - 0.8931999802589417,792 - 0.9886999726295472,2141 - 0.9225999712944032,51 - 0.9635000228881836,3236 - 0.9553999900817872,1154 - 0.9631999731063844,354 - 0.9236999750137328,72 - 0.9175999760627748,548 - 0.9632999897003174,729 - 0.9821000099182128,94 - 0.8720999956130981,620 - 0.9832999706268309,1851 - 0.9692999720573424,3107 - 0.9314000010490416,2808 - 0.9839000105857848,1207 - 0.97680002450943
4,548 - 0.9632999897003174,1782 - 0.8755000233650208,697 - 0.9642000198364258,2007 - 0.9574999809265136,654 - 0.8690999746322632,76 - 0.9861999750137328,72 - 0.9175999760627748,4411 - 0.949899971485138,2463 - 0.9329000115394592,1939 - 0.9575999975204468,879 - 0.8772000074386597,205 - 0.9167000055313109,691 - 0.9498000144958496,749 - 0.9688000082969666,136 - 0.8622999787330627,2002 - 0.9243000149726868,113 - 0.8924999833106995,72 - 0.9175999760627748,3132 - 0.9810000061988832,1851 - 0.9692999720573424
5,2463 - 0.9329000115394592,2208 - 0.8733000159263611,877 - 0.95660001039505,1280 - 0.9469000101089478,298 - 0.8162999749183655,1106 - 0.9860000014305116,1895 - 0.9150999784469604,1917 - 0.9472000002861024,1553 - 0.9207000136375428,2321 - 0.921500027179718,432 - 0.8737999796867371,403 - 0.9103000164031982,479 - 0.934599995613098,504 - 0.9236000180244446,412 - 0.8605999946594238,1734 - 0.9207999706268309,2305 - 0.882099986076355,1179 - 0.9108999967575072,2291 - 0.9725000262260436,1781 - 0.9207999706268309
6,2175 - 0.9207000136375428,1478 - 0.8518999814987183,691 - 0.9498000144958496,2054 - 0.9355999827384948,144 - 0.8122000098228455,1229 - 0.9697999954223632,1182 - 0.9090999960899352,4734 - 0.9329000115394592,3392 - 0.9133999943733216,1553 - 0.9207000136375428,939 - 0.8716999888420105,419 - 0.9065999984741212,3107 - 0.9314000010490416,192 - 0.9197999835014344,46 - 0.8335000276565552,403 - 0.9103000164031982,429 - 0.8244000077247621,817 - 0.9074000120162964,2674 - 0.9478999972343444,2035 - 0.8974999785423279
7,192 - 0.9197999835014344,1698 - 0.8421000242233276,2803 - 0.9336000084877014,1179 - 0.9108999967575072,269 - 0.808899998664856,503 - 0.9272999763488771,1386 - 0.8758000135421753,2141 - 0.9225999712944032,2453 - 0.9070000052452089,1083 - 0.9136000275611876,412 - 0.8605999946594238,363 - 0.8939999938011169,205 - 0.9167000055313109,501 - 0.8756999969482422,318 - 0.8197000026702881,1766 - 0.8838000297546387,638 - 0.8227999806404114,2453 - 0.9070000052452089,684 - 0.8783000111579895,113 - 0.8924999833106995
8,2044 - 0.8799999952316284,1738 - 0.8284000158309937,2000 - 0.9248999953269958,1045 - 0.908900022506714,549 - 0.7949000000953674,113 - 0.8924999833106995,1570 - 0.8720999956130981,2882 - 0.8834000229835509,2635 - 0.9052000045776368,1954 - 0.8959000110626221,1113 - 0.8396000266075134,246 - 0.8690999746322632,2369 - 0.906499981880188,136 - 0.8622999787330627,477 - 0.8037999868392944,2044 - 0.8799999952316284,1130 - 0.8197000026702881,2951 - 0.9047999978065492,1652 - 0.8769999742507935,1014 - 0.8831999897956848
9,340 - 0.8626999855041504,496 - 0.8230999708175659,192 - 0.9197999835014344,241 - 0.8870999813079834,43 - 0.7817999720573425,693 - 0.8913000226020813,2437 - 0.8410000205039978,2776 - 0.8828999996185303,3269 - 0.904699981212616,797 - 0.88919997215271,496 - 0.8230999708175659,136 - 0.8622999787330627,2094 - 0.8733999729156494,562 - 0.8614000082015991,389 - 0.7882000207901001,684 - 0.8783000111579895,265 - 0.8104000091552734,3062 - 0.8973000049591064,1795 - 0.868399977684021,1859 - 0.8416000008583069
10,2517 - 0.8508999943733215,346 - 0.8130999803543091,363 - 0.8939999938011169,624 - 0.8827999830245972,257 - 0.7649000287055969,624 - 0.8827999830245972,2138 - 0.838100016117096,4341 - 0.8812000155448914,271 - 0.901799976825714,2051 - 0.8787000179290771,728 - 0.8065999746322632,316 - 0.8557000160217285,2600 - 0.8726999759674072,483 - 0.8476999998092651,380 - 0.7831000089645386,1823 - 0.8593999743461609,1803 - 0.7910000085830688,1652 - 0.8769999742507935,340 - 0.8626999855041504,1142 - 0.8360000252723694
11,2356 - 0.8392999768257141,2615 - 0.7908999919891357,222 - 0.8743000030517578,1478 - 0.8518999814987183,867 - 0.7448999881744385,432 - 0.8737999796867371,371 - 0.8234000205993652,3812 - 0.8665999770164491,2263 - 0.8986999988555908,2014 - 0.8618999719619751,477 - 0.8037999868392944,46 - 0.8335000276565552,2525 - 0.8720999956130981,357 - 0.8464999794960022,43 - 0.7817999720573425,805 - 0.8587999939918518,2246 - 0.7842000126838684,2814 - 0.8709999918937683,4175 - 0.8521999716758728,2060 - 0.8224999904632568
12,2104 - 0.8371999859809875,1108 - 0.7806000113487244,2094 - 0.8733999729156494,1424 - 0.8389000296592712,760 - 0.7383000254631042,659 - 0.8410000205039978,186 - 0.8187000155448914,1691 - 0.8234999775886536,3294 - 0.8673999905586243,2124 - 0.8127999901771545,574 - 0.7953000068664551,318 - 0.8197000026702881,1118 - 0.810699999332428,265 - 0.8104000091552734,383 - 0.7768999934196472,1590 - 0.8554000258445741,1565 - 0.7577999830245972,1049 - 0.8294000029563904,4368 - 0.8400999903678894,2597 - 0.8215000033378601
13,2433 - 0.8259000182151794,1533 - 0.7796000242233276,2274 - 0.8416000008583069,1279 - 0.8378000259399414,570 - 0.7375000119209291,377 - 0.8274000287055969,2233 - 0.8048999905586243,5018 - 0.8141000270843506,2184 - 0.8330000042915344,1678 - 0.8105999827384949,818 - 0.7870000004768372,262 - 0.8151999711990356,1636 - 0.7986000180244446,590 - 0.7964000105857849,276 - 0.7754999995231628,1738 - 0.8284000158309937,2371 - 0.7450000047683716,638 - 0.8227999806404114,2356 - 0.8392999768257141,1485 - 0.8007000088691711
14,1397 - 0.8248999714851379,1565 - 0.7577999830245972,823 - 0.8205000162124634,1454 - 0.823199987411499,488 - 0.7343999743461609,1078 - 0.819599986076355,1765 - 0.7724000215530396,899 - 0.8129000067710876,429 - 0.8244000077247621,999 - 0.7752000093460083,380 - 0.7831000089645386,119 - 0.7943999767303467,890 - 0.7954999804496765,698 - 0.7749000191688538,178 - 0.7710000276565552,377 - 0.8274000287055969,1188 - 0.7315999865531921,2623 - 0.8102999925613403,2138 - 0.838100016117096,1803 - 0.7910000085830688
15,1000 - 0.8116999864578247,2652 - 0.7049999833106995,2572 - 0.8041999936103821,477 - 0.8037999868392944,838 - 0.7337999939918518,719 - 0.8138999938964844,2022 - 0.7695999741554259,3042 - 0.7807999849319458,1890 - 0.8166000247001648,1362 - 0.7694000005722046,264 - 0.7785999774932861,276 - 0.7754999995231628,698 - 0.7749000191688538,791 - 0.7537999749183655,304 - 0.7684000134468079,1104 - 0.8008999824523926,1232 - 0.7207000255584717,2748 - 0.8098999857902527,3581 - 0.8159999847412109,1914 - 0.7791000008583069
16,1104 - 0.8008999824523926,1434 - 0.7045000195503235,264 - 0.7785999774932861,1206 - 0.7893000245094299,732 - 0.7296000123023987,1000 - 0.8116999864578247,1095 - 0.7559000253677368,1216 - 0.7778000235557556,3171 - 0.8144000172615051,1783 - 0.7613999843597412,608 - 0.7595000267028809,216 - 0.7670000195503235,2322 - 0.7717999815940857,475 - 0.7483999729156494,216 - 0.7670000195503235,119 - 0.7943999767303467,1835 - 0.7073000073432922,951 - 0.7960000038146973,2084 - 0.7807999849319458,1352 - 0.774399995803833
17,276 - 0.7754999995231628,2809 - 0.6965000033378601,2348 - 0.7728999853134155,1165 - 0.7893000245094299,1084 - 0.7224000096321106,549 - 0.7949000000953674,2416 - 0.7542999982833862,698 - 0.7749000191688538,2364 - 0.8004000186920166,1847 - 0.7555999755859375,975 - 0.7563999891281128,100 - 0.7624999880790709,1497 - 0.7597000002861023,230 - 0.7440000176429749,331 - 0.7648000121116638,2064 - 0.7742999792098999,658 - 0.7050999999046326,2084 - 0.7807999849319458,4080 - 0.7754999995231628,2322 - 0.7717999815940857
18,104 - 0.7656000256538391,1643 - 0.6894999742507935,1600 - 0.7692999839782715,380 - 0.7831000089645386,66 - 0.7131999731063843,1531 - 0.7929999828338623,197 - 0.7529000043869019,4129 - 0.7578999996185303,1492 - 0.7939000129699707,791 - 0.7537999749183655,49 - 0.744700014591217,398 - 0.7623999714851379,367 - 0.7289999723434448,673 - 0.7390999794006348,100 - 0.7624999880790709,1307 - 0.7688999772071838,2166 - 0.6884999871253967,1914 - 0.7791000008583069,3444 - 0.7519000172615051,1336 - 0.7573999762535095
19,975 - 0.7563999891281128,2068 - 0.6851999759674072,1051 - 0.7554000020027161,1584 - 0.7774999737739563,897 - 0.7099999785423279,1152 - 0.7925000190734863,759 - 0.7490000128746033,475 - 0.7483999729156494,1803 - 0.7910000085830688,1712 - 0.7516000270843506,295 - 0.7397999763488771,230 - 0.7440000176429749,2885 - 0.7222999930381775,353 - 0.7319999933242798,398 - 0.7623999714851379,1783 - 0.7613999843597412,1356 - 0.6873000264167786,304 - 0.7684000134468079,2659 - 0.7502999901771545,2886 - 0.7376999855041504
20,2268 - 0.7476999759674072,1683 - 0.6776999831199646,791 - 0.7537999749183655,1352 - 0.774399995803833,249 - 0.7028999924659729,1165 - 0.7893000245094299,570 - 0.7375000119209291,3203 - 0.7325999736785889,2240 - 0.7675999999046326,1311 - 0.7512999773025513,1084 - 0.7224000096321106,295 - 0.7397999763488771,1977 - 0.72079998254776,217 - 0.7199000120162964,495 - 0.7563999891281128,2024 - 0.7563999891281128,2397 - 0.6833000183105469,452 - 0.7615000009536743,2268 - 0.7476999759674072,1936 - 0.732699990272522
21,242 - 0.732699990272522,2385 - 0.671500027179718,328 - 0.7382000088691711,452 - 0.7615000009536743,500 - 0.701200008392334,383 - 0.7768999934196472,1275 - 0.7357000112533569,1401 - 0.7281000018119812,2568 - 0.7444000244140625,678 - 0.7346000075340271,561 - 0.703000009059906,328 - 0.7382000088691711,2913 - 0.7190999984741211,60 - 0.6901000142097473,49 - 0.744700014591217,867 - 0.7448999881744385,968 - 0.6675000190734863,2024 - 0.7563999891281128,230 - 0.7440000176429749,2609 - 0.7149999737739563
22,2121 - 0.7164000272750854,1879 - 0.6603999733924866,1540 - 0.7348999977111816,608 - 0.7595000267028809,60 - 0.6901000142097473,1352 - 0.774399995803833,1037 - 0.7006000280380249,2686 - 0.71670001745224,348 - 0.7426000237464905,353 - 0.7319999933242798,4 - 0.6933000087738037,112 - 0.7358999848365784,2193 - 0.7096999883651733,563 - 0.6694999933242798,199 - 0.7434999942779541,1401 - 0.7281000018119812,544 - 0.6618999838829039,791 - 0.7537999749183655,353 - 0.7319999933242798,3329 - 0.6916000247001648
23,2130 - 0.7113000154495239,2235 - 0.6507999897003174,1897 - 0.7231000065803528,1565 - 0.7577999830245972,806 - 0.683899998664856,1395 - 0.7670000195503235,1874 - 0.6919999718666077,2133 - 0.7160999774932861,1536 - 0.7350999712944031,2162 - 0.71670001745224,616 - 0.6741999983787537,268 - 0.7081000208854675,2275 - 0.7074000239372253,91 - 0.6678000092506409,28 - 0.7415000200271606,1228 - 0.7276999950408936,2396 - 0.6542999744415283,2659 - 0.7502999901771545,3951 - 0.7166000008583069,966 - 0.6866999864578247
24,1515 - 0.7056999802589417,2828 - 0.6482999920845032,20 - 0.7156999707221985,554 - 0.7444000244140625,625 - 0.6705999970436096,1050 - 0.7605999708175659,1356 - 0.6873000264167786,2193 - 0.7096999883651733,1540 - 0.7348999977111816,1577 - 0.7135999798774719,553 - 0.6625000238418579,249 - 0.7028999924659729,2667 - 0.7073000073432922,553 - 0.6625000238418579,217 - 0.7199000120162964,1874 - 0.6919999718666077,2264 - 0.6542999744415283,760 - 0.7383000254631042,2475 - 0.7062000036239624,1163 - 0.6832000017166138
25,1643 - 0.6894999742507935,1903 - 0.6434999704360962,1818 - 0.7143999934196472,570 - 0.7375000119209291,274 - 0.6664999723434448,570 - 0.7375000119209291,553 - 0.6625000238418579,4903 - 0.7071999907493591,3370 - 0.7208999991416931,1515 - 0.7056999802589417,183 - 0.659500002861023,88 - 0.6919999718666077,15 - 0.6984999775886536,672 - 0.6588000059127808,20 - 0.7156999707221985,806 - 0.683899998664856,261 - 0.6492000222206116,488 - 0.7343999743461609,2622 - 0.6978999972343445,770 - 0.6685000061988831
26,2283 - 0.6880000233650208,2452 - 0.63919997215271,2809 - 0.6965000033378601,112 - 0.7358999848365784,1059 - 0.6658999919891357,1394 - 0.7200000286102295,2131 - 0.6625000238418579,3949 - 0.7056999802589417,595 - 0.7150999903678894,2537 - 0.7037000060081482,239 - 0.6547999978065491,253 - 0.6722999811172485,2745 - 0.692799985408783,239 - 0.6547999978065491,66 - 0.7131999731063843,1723 - 0.6707000136375427,2318 - 0.642300009727478,2012 - 0.6969000101089478,4590 - 0.6886000037193298,2224 - 0.6646000146865845
27,1035 - 0.6837000250816345,143 - 0.6385999917984009,1684 - 0.6937000155448914,1936 - 0.732699990272522,1098 - 0.6554999947547913,1283 - 0.7092000246047974,1319 - 0.6549999713897705,2693 - 0.7013000249862671,2474 - 0.7088000178337097,2417 - 0.6987000107765198,777 - 0.6499000191688538,224 - 0.6704999804496765,2300 - 0.6751000285148621,310 - 0.6546000242233276,60 - 0.6901000142097473,404 - 0.6532999873161316,948 - 0.630299985408783,1199 - 0.6967999935150146,3229 - 0.6850000023841858,3207 - 0.6514000296592712
28,630 - 0.6815999746322632,2836 - 0.6363000273704529,806 - 0.683899998664856,1309 - 0.7215999960899353,356 - 0.6316999793052673,500 - 0.701200008392334,2559 - 0.6414999961853027,1682 - 0.695900022983551,2275 - 0.7074000239372253,2166 - 0.6884999871253967,829 - 0.6496000289916992,266 - 0.6557999849319458,2385 - 0.671500027179718,287 - 0.6521999835968018,253 - 0.6722999811172485,390 - 0.6498000025749207,1787 - 0.6237000226974487,1074 - 0.6951000094413757,2773 - 0.6826000213623047,857 - 0.6499999761581421
29,1937 - 0.6812999844551086,2062 - 0.6363000273704529,630 - 0.6815999746322632,780 - 0.7156000137329102,808 - 0.628000020980835,1037 - 0.7006000280380249,373 - 0.6413999795913696,3999 - 0.6952999830245972,724 - 0.6891000270843506,1869 - 0.6852999925613403,120 - 0.6473000049591064,310 - 0.6546000242233276,3101 - 0.6685000061988831,857 - 0.6499999761581421,287 - 0.6521999835968018,1820 - 0.6491000056266785,609 - 0.6230999827384949,3105 - 0.6948999762535095,2406 - 0.676800012588501,3106 - 0.6453999876976013
30,2163 - 0.6692000031471252,950 - 0.6360999941825867,1916 - 0.6780999898910522,724 - 0.6891000270843506,132 - 0.6215999722480774,1260 - 0.694100022315979,2059 - 0.6406999826431274,1724 - 0.6815999746322632,3271 - 0.6883999705314636,630 - 0.6815999746322632,560 - 0.6450999975204468,287 - 0.6521999835968018,2482 - 0.6417999863624573,261 - 0.6492000222206116,364 - 0.6488999724388123,950 - 0.6360999941825867,707 - 0.6154000163078308,912 - 0.6477000117301941,2507 - 0.6762999892234802,373 - 0.6413999795913696
31,1503 - 0.667900025844574,491 - 0.6348999738693237,2385 - 0.671500027179718,1713 - 0.6855999827384949,1070 - 0.6212000250816345,1212 - 0.6924999952316284,1455 - 0.6353999972343445,3760 - 0.6628999710083008,2397 - 0.6833000183105469,2224 - 0.6646000146865845,3 - 0.6438999772071838,129 - 0.6438000202178955,2403 - 0.6330000162124634,120 - 0.6473000049591064,3 - 0.6438999772071838,1455 - 0.6353999972343445,576 - 0.6054999828338623,560 - 0.6450999975204468,3691 - 0.6747999787330627,133 - 0.6215999722480774
32,1779 - 0.6651999950408936,2172 - 0.6295999884605408,1366 - 0.6694999933242798,1683 - 0.6776999831199646,1127 - 0.578000009059906,1183 - 0.6877999901771545,2403 - 0.6330000162124634,2818 - 0.6552000045776367,1163 - 0.6832000017166138,1085 - 0.6644999980926514,196 - 0.6392999887466431,299 - 0.6276000142097473,1666 - 0.628000020980835,77 - 0.641700029373169,143 - 0.6385999917984009,1290 - 0.6353999972343445,2223 - 0.5971999764442444,855 - 0.6292999982833862,3221 - 0.6747000217437744,487 - 0.6107000112533569
33,433 - 0.6603999733924866,299 - 0.6276000142097473,1806 - 0.6588000059127808,625 - 0.6705999970436096,690 - 0.5706999897956848,1402 - 0.6743000149726868,2028 - 0.6258000135421753,4776 - 0.6488000154495239,1933 - 0.6581000089645386,1834 - 0.6552000045776367,19 - 0.6335999965667725,420 - 0.6222000122070312,3116 - 0.5976999998092651,405 - 0.6323999762535095,311 - 0.6265000104904175,900 - 0.6348999738693237,1064 - 0.5918999910354614,311 - 0.6265000104904175,91 - 0.6678000092506409,2704 - 0.6105999946594238
34,2269 - 0.6556000113487244,518 - 0.6252999901771545,2457 - 0.6585999727249146,563 - 0.6694999933242798,569 - 0.5698999762535095,625 - 0.6705999970436096,132 - 0.6215999722480774,4044 - 0.6485999822616577,857 - 0.6499999761581421,310 - 0.6546000242233276,356 - 0.6316999793052673,133 - 0.6215999722480774,3268 - 0.5906999707221985,127 - 0.6262000203132629,132 - 0.6215999722480774,1073 - 0.6345000267028809,2032 - 0.5899999737739563,2086 - 0.5918999910354614,1779 - 0.6651999950408936,1922 - 0.6032999753952026
35,2343 - 0.6438000202178955,1787 - 0.6237000226974487,2656 - 0.6568999886512756,1779 - 0.6651999950408936,416 - 0.5666999816894531,91 - 0.6678000092506409,2176 - 0.6144000291824341,3051 - 0.6294999718666077,498 - 0.6428999900817871,560 - 0.6450999975204468,741 - 0.6230999827384949,387 - 0.6092000007629395,2243 - 0.5806000232696533,85 - 0.617900013923645,337 - 0.6028000116348267,1692 - 0.6305999755859375,1940 - 0.5813000202178955,2093 - 0.578499972820282,4011 - 0.6628000140190125,3002 - 0.5990999937057495
36,2318 - 0.642300009727478,2384 - 0.6205999851226807,1110 - 0.6449999809265137,1806 - 0.6588000059127808,959 - 0.5612999796867371,778 - 0.6557999849319458,2426 - 0.6111999750137329,855 - 0.6292999982833862,2156 - 0.6319000124931335,1667 - 0.6434000134468079,69 - 0.6126999855041504,337 - 0.6028000116348267,3038 - 0.5792999863624573,571 - 0.6155999898910522,443 - 0.5942000150680542,518 - 0.6252999901771545,1562 - 0.5812000036239624,325 - 0.5449000000953674,2212 - 0.6428999900817871,2309 - 0.5763000249862671
37,2403 - 0.6330000162124634,1638 - 0.6068000197410583,983 - 0.6047999858856201,120 - 0.6473000049591064,1081 - 0.5601000189781189,530 - 0.6535000205039978,2267 - 0.605400025844574,2053 - 0.6243000030517578,855 - 0.6292999982833862,855 - 0.6292999982833862,173 - 0.6097999811172485,86 - 0.5920000076293945,3018 - 0.579200029373169,337 - 0.6028000116348267,467 - 0.5794000029563904,1787 - 0.6237000226974487,1625 - 0.5619999766349792,2969 - 0.5436000227928162,905 - 0.6416000127792358,2074 - 0.5701000094413757
38,1996 - 0.6276999711990356,2267 - 0.605400025844574,977 - 0.6025000214576721,1667 - 0.6434000134468079,213 - 0.5461000204086304,950 - 0.6360999941825867,839 - 0.6026999950408936,4774 - 0.6215999722480774,2470 - 0.6272000074386597,1799 - 0.6223000288009644,983 - 0.6047999858856201,6 - 0.5892999768257141,1518 - 0.5751000046730042,743 - 0.5989000201225281,300 - 0.5679000020027161,609 - 0.6230999827384949,1376 - 0.5570999979972839,2564 - 0.5378000140190125,2197 - 0.6406000256538391,45 - 0.567300021648407
39,138 - 0.6258000135421753,2159 - 0.5992000102996826,1410 - 0.5999000072479248,1290 - 0.6353999972343445,547 - 0.5443999767303467,299 - 0.6276000142097473,1208 - 0.5916000008583069,2792 - 0.5983999967575073,3281 - 0.61080002784729,2352 - 0.6216999888420105,148 - 0.5788999795913696,180 - 0.5889999866485596,967 - 0.5537999868392944,557 - 0.59579998254776,16 - 0.5670999884605408,1969 - 0.6107000112533569,1582 - 0.5555999875068665,2815 - 0.536300003528595,4285 - 0.640500009059906,2587 - 0.5666000247001648
40,2352 - 0.6216999888420105,454 - 0.5967000126838684,2252 - 0.5990999937057495,1455 - 0.6353999972343445,248 - 0.5418000221252441,1063 - 0.6222000122070312,2307 - 0.5831000208854675,3772 - 0.5960999727249146,3303 - 0.6107000112533569,2009 - 0.618399977684021,640 - 0.5719000101089478,417 - 0.5771999955177307,546 - 0.5526000261306763,284 - 0.5911999940872192,22 - 0.5669000148773193,1602 - 0.607200026512146,927 - 0.5544000267982483,2586 - 0.5361999869346619,1455 - 0.6353999972343445,438 - 0.5666000247001648
41,133 - 0.6215999722480774,2032 - 0.5899999737739563,2444 - 0.5888000130653381,1718 - 0.6316999793052673,426 - 0.5390999913215637,137 - 0.6100000143051147,2107 - 0.5817000269889832,3268 - 0.5906999707221985,98 - 0.6101999878883362,1472 - 0.6116999983787537,235 - 0.5630999803543091,416 - 0.5666999816894531,887 - 0.5522000193595886,642 - 0.5899999737739563,339 - 0.5662000179290771,1297 - 0.6031000018119812,366 - 0.546999990940094,1240 - 0.5300999879837036,1290 - 0.6353999972343445,844 - 0.5659999847412109
42,39 - 0.6187000274658203,2799 - 0.5744000077247621,117 - 0.5877000093460083,2032 - 0.5899999737739563,175 - 0.5386000275611877,387 - 0.6092000007629395,874 - 0.5776000022888184,126 - 0.5835000276565552,387 - 0.6092000007629395,1208 - 0.5916000008583069,244 - 0.554099977016449,21 - 0.5612000226974487,1957 - 0.5494999885559082,180 - 0.5889999866485596,400 - 0.5622000098228455,1175 - 0.5688999891281128,213 - 0.5461000204086304,2669 - 0.526199996471405,3151 - 0.6330000162124634,1631 - 0.5625
43,1966 - 0.6104999780654907,1258 - 0.5724999904632568,2074 - 0.5701000094413757,773 - 0.5817000269889832,277 - 0.5368999838829039,1156 - 0.5900999903678894,1986 - 0.5776000022888184,3946 - 0.5766000151634216,2159 - 0.5992000102996826,2099 - 0.5882999897003174,967 - 0.5537999868392944,401 - 0.5522000193595886,366 - 0.546999990940094,583 - 0.5863000154495239,422 - 0.5583000183105469,5 - 0.5687999725341797,84 - 0.5454999804496765,1870 - 0.5210999846458435,356 - 0.6316999793052673,962 - 0.5558000206947327
44,743 - 0.5989000201225281,1332 - 0.5710999965667725,599 - 0.5684999823570251,1528 - 0.5781000256538391,334 - 0.5328999757766724,1452 - 0.5856999754905701,2469 - 0.5776000022888184,1328 - 0.5722000002861023,3116 - 0.5976999998092651,1633 - 0.5837000012397766,921 - 0.553600013256073,34 - 0.5505999922752379,84 - 0.5454999804496765,300 - 0.5679000020027161,244 - 0.554099977016449,1081 - 0.5601000189781189,568 - 0.5444999933242798,2823 - 0.5203999876976013,3699 - 0.6216999888420105,1679 - 0.5529000163078308
45,1943 - 0.5878000259399414,2856 - 0.5697000026702881,1326 - 0.5590999722480774,924 - 0.5770000219345093,1057 - 0.5267999768257141,627 - 0.5837000012397766,2313 - 0.5767999887466431,339 - 0.5662000179290771,1943 - 0.5878000259399414,1898 - 0.578000009059906,575 - 0.5505999922752379,386 - 0.550000011920929,2673 - 0.5436000227928162,339 - 0.5662000179290771,195 - 0.5396999716758728,1776 - 0.5601000189781189,1856 - 0.5400000214576721,2701 - 0.5181000232696533,3559 - 0.6126999855041504,2614 - 0.5464000105857849
46,1092 - 0.5842999815940857,2734 - 0.5627999901771545,800 - 0.5582000017166138,393 - 0.5745000243186951,596 - 0.5224000215530396,1004 - 0.5824999809265137,1268 - 0.573199987411499,2471 - 0.5644999742507935,3202 - 0.5874000191688538,1322 - 0.5626000165939331,564 - 0.5490999817848206,84 - 0.5454999804496765,2742 - 0.5415999889373779,546 - 0.5526000261306763,293 - 0.5349000096321106,244 - 0.554099977016449,1588 - 0.5360000133514404,453 - 0.5170000195503235,513 - 0.5996000170707703,1875 - 0.542900025844574
47,706 - 0.5827999711036682,1582 - 0.5555999875068665,1383 - 0.5579000115394592,416 - 0.5666999816894531,388 - 0.5191000103950499,1437 - 0.5810999870300293,2116 - 0.5665000081062317,5010 - 0.5631999969482422,2428 - 0.5857999920845032,1624 - 0.5604000091552734,213 - 0.5461000204086304,248 - 0.5418000221252441,2586 - 0.5361999869346619,401 - 0.5522000193595886,359 - 0.5231999754905701,1117 - 0.5491999983787537,1379 - 0.5170999765396118,2023 - 0.5156999826431274,2099 - 0.5882999897003174,2612 - 0.5403000116348267
48,1437 - 0.5810999870300293,534 - 0.5516999959945679,201 - 0.5562000274658203,21 - 0.5612000226974487,453 - 0.5170000195503235,1376 - 0.5570999979972839,1376 - 0.5570999979972839,4820 - 0.5583000183105469,706 - 0.5827999711036682,801 - 0.557699978351593,84 - 0.5454999804496765,343 - 0.5335000157356262,2939 - 0.5306000113487244,84 - 0.5454999804496765,182 - 0.520799994468689,1381 - 0.5343999862670898,1248 - 0.513700008392334,189 - 0.5149000287055969,103 - 0.5813000202178955,494 - 0.5346999764442444
49,148 - 0.5788999795913696,1915 - 0.5473999977111816,1777 - 0.5490000247955322,1582 - 0.5555999875068665,1120 - 0.5103999972343445,1080 - 0.5418999791145325,607 - 0.5508999824523926,4201 - 0.5558000206947327,2361 - 0.5756000280380249,575 - 0.5505999922752379,568 - 0.5444999933242798,334 - 0.5328999757766724,2201 - 0.5304999947547913,547 - 0.5443999767303467,388 - 0.5191000103950499,152 - 0.531000018119812,842 - 0.5066999793052673,1547 - 0.5102999806404114,2469 - 0.5776000022888184,1399 - 0.5333999991416931
50,1459 - 0.5759000182151794,434 - 0.5390999913215637,2698 - 0.5465000271797179,1463 - 0.5385000109672546,444 - 0.5097000002861023,1370 - 0.5401999950408936,1302 - 0.5400000214576721,3785 - 0.5407999753952026,393 - 0.5745000243186951,293 - 0.5349000096321106,652 - 0.5430999994277954,176 - 0.5292999744415283,1629 - 0.5217999815940857,652 - 0.5430999994277954,33 - 0.5187000036239624,2023 - 0.5156999826431274,941 - 0.5034999847412109,3052 - 0.5088000297546387,4260 - 0.5716000199317932,919 - 0.5309000015258789
51,1332 - 0.5710999965667725,1052 - 0.531499981880188,2419 - 0.5281999707221985,1002 - 0.536300003528595,875 - 0.5008999705314636,474 - 0.5307000279426575,293 - 0.5349000096321106,4469 - 0.531000018119812,2972 - 0.571399986743927,1381 - 0.5343999862670898,550 - 0.5325000286102295,361 - 0.5238999724388123,2460 - 0.5163000226020813,424 - 0.5422000288963318,421 - 0.5166000127792358,1672 - 0.5130000114440918,584 - 0.5001000165939331,581 - 0.5077000260353088,3073 - 0.546999990940094,1870 - 0.5210999846458435
52,2116 - 0.5665000081062317,2201 - 0.5304999947547913,75 - 0.5231999754905701,1627 - 0.5353999733924866,1122 - 0.4941999912261963,1126 - 0.5242000222206116,1757 - 0.5335999727249146,3016 - 0.5249999761581421,2717 - 0.5667999982833862,2147 - 0.5321999788284302,987 - 0.5304999947547913,359 - 0.5231999754905701,189 - 0.5149000287055969,248 - 0.5418000221252441,423 - 0.5099999904632568,1877 - 0.5109000205993652,2171 - 0.4966000020503998,842 - 0.5066999793052673,2310 - 0.5422000288963318,65 - 0.5178999900817871
53,2213 - 0.5633000135421753,2419 - 0.5281999707221985,1877 - 0.5109000205993652,550 - 0.5325000286102295,193 - 0.493800014257431,388 - 0.5191000103950499,2449 - 0.53329998254776,4019 - 0.5249000191688538,2298 - 0.5611000061035156,1240 - 0.5300999879837036,359 - 0.5231999754905701,93 - 0.520799994468689,444 - 0.5097000002861023,550 - 0.5325000286102295,378 - 0.5092999935150146,378 - 0.5092999935150146,296 - 0.4914999902248383,689 - 0.5045999884605408,2612 - 0.5403000116348267,1305 - 0.5174999833106995
54,1383 - 0.5579000115394592,1272 - 0.5278000235557556,716 - 0.5106999874114989,1303 - 0.5267999768257141,165 - 0.4900999963283539,998 - 0.5108000040054321,596 - 0.5224000215530396,2823 - 0.5203999876976013,3224 - 0.5577999949455261,514 - 0.5299000144004822,826 - 0.5209000110626221,251 - 0.5127000212669373,378 - 0.5092999935150146,474 - 0.5307000279426575,336 - 0.494599997997284,842 - 0.5066999793052673,634 - 0.4788999855518341,727 - 0.501800000667572,2532 - 0.5292999744415283,1665 - 0.5142999887466431
55,1185 - 0.5361999869346619,1964 - 0.5274999737739563,440 - 0.5034999847412109,1126 - 0.5242000222206116,555 - 0.4893999993801117,960 - 0.5080999732017517,1329 - 0.5199000239372253,3892 - 0.5187000036239624,3523 - 0.5457999706268309,75 - 0.5231999754905701,182 - 0.520799994468689,90 - 0.5103999972343445,2445 - 0.4905999898910522,826 - 0.5209000110626221,335 - 0.492000013589859,1330 - 0.5059000253677368,830 - 0.4738999903202057,413 - 0.4979000091552734,4134 - 0.5216000080108643,2835 - 0.5121999979019165
56,987 - 0.5304999947547913,2118 - 0.5170999765396118,847 - 0.5031999945640564,1458 - 0.5217000246047974,1076 - 0.4862000048160553,1271 - 0.5031999945640564,1486 - 0.5092999935150146,958 - 0.5117999911308289,1875 - 0.542900025844574,1853 - 0.5220999717712402,189 - 0.5149000287055969,285 - 0.5051000118255615,3238 - 0.4902999997138977,610 - 0.5202999711036682,296 - 0.4914999902248383,538 - 0.5051000118255615,651 - 0.4722999930381775,2769 - 0.4961999952793121,699 - 0.5196999907493591,1877 - 0.5109000205993652
57,1583 - 0.5188999772071838,2231 - 0.5169000029563904,1135 - 0.4794000089168549,538 - 0.5051000118255615,793 - 0.4790000021457672,875 - 0.5008999705314636,581 - 0.5077000260353088,716 - 0.5106999874114989,95 - 0.5200999975204468,699 - 0.5196999907493591,880 - 0.5063999891281128,206 - 0.5026999711990356,1561 - 0.480100005865097,421 - 0.5166000127792358,260 - 0.488400012254715,111 - 0.5048999786376953,1591 - 0.4638999998569489,3005 - 0.4857000112533569,3892 - 0.5187000036239624,90 - 0.5103999972343445
58,786 - 0.5159999728202821,2595 - 0.5149000287055969,1994 - 0.4779999852180481,384 - 0.4916000068187714,567 - 0.4778999984264374,193 - 0.493800014257431,440 - 0.5034999847412109,1486 - 0.5092999935150146,1379 - 0.5170999765396118,1671 - 0.5097000002861023,898 - 0.505299985408783,336 - 0.494599997997284,344 - 0.4677000045776367,189 - 0.5149000287055969,349 - 0.4873999953269959,1101 - 0.5,974 - 0.4587999880313873,1181 - 0.4805999994277954,8 - 0.5167000293731691,3362 - 0.5102000236511229
59,1396 - 0.5145000219345093,973 - 0.5037000179290771,2881 - 0.472900003194809,1440 - 0.4814999997615814,664 - 0.4760000109672546,872 - 0.4921999871730805,207 - 0.4993000030517578,1238 - 0.5077000260353088,3140 - 0.5151000022888184,991 - 0.5034000277519226,973 - 0.5037000179290771,193 - 0.493800014257431,2446 - 0.4670999944210053,30 - 0.5128999948501587,184 - 0.4790999889373779,2010 - 0.4997999966144562,2336 - 0.4575000107288361,184 - 0.4790999889373779,3891 - 0.5142999887466431,2065 - 0.5095000267028809
60,90 - 0.5103999972343445,1191 - 0.4952999949455261,344 - 0.4677000045776367,338 - 0.4787000119686127,734 - 0.4726000130176544,1119 - 0.4808000028133392,726 - 0.4823000133037567,689 - 0.5045999884605408,2595 - 0.5149000287055969,584 - 0.5001000165939331,813 - 0.5029000043869019,260 - 0.488400012254715,3240 - 0.4586000144481659,849 - 0.5109999775886536,319 - 0.4788999855518341,445 - 0.4984000027179718,1337 - 0.4560999870300293,3024 - 0.4742000102996826,1877 - 0.5109000205993652,2319 - 0.5090000033378601
61,1204 - 0.5076000094413757,1172 - 0.4869999885559082,2865 - 0.4643000066280365,1491 - 0.4727999866008759,783 - 0.4609000086784363,245 - 0.4722000062465668,2325 - 0.4805000126361847,384 - 0.4916000068187714,2786 - 0.5031999945640564,2620 - 0.4993999898433685,906 - 0.4988999962806702,349 - 0.4873999953269959,2336 - 0.4575000107288361,663 - 0.5106999874114989,358 - 0.4763999879360199,296 - 0.4914999902248383,1028 - 0.4555000066757202,957 - 0.4702999889850617,960 - 0.5080999732017517,898 - 0.505299985408783
62,973 - 0.5037000179290771,1323 - 0.4643000066280365,1504 - 0.4618000090122223,1253 - 0.4702000021934509,953 - 0.459199994802475,1178 - 0.4681999981403351,1144 - 0.4783999919891357,2938 - 0.4860999882221222,768 - 0.5005000233650208,982 - 0.4909000098705292,622 - 0.4878999888896942,139 - 0.4803000092506409,171 - 0.4562999904155731,842 - 0.5066999793052673,473 - 0.4751000106334686,751 - 0.4912000000476837,606 - 0.4530999958515167,2446 - 0.4670999944210053,3637 - 0.5072000026702881,2927 - 0.4857999980449677
63,445 - 0.4984000027179718,918 - 0.4643000066280365,753 - 0.4578000009059906,1984 - 0.4688000082969666,974 - 0.4587999880313873,347 - 0.4679999947547913,1994 - 0.4779999852180481,2521 - 0.478300005197525,1413 - 0.4988000094890594,1198 - 0.4873999953269959,1172 - 0.4869999885559082,338 - 0.4787000119686127,1617 - 0.4501999914646149,727 - 0.501800000667572,185 - 0.4727999866008759,360 - 0.4882000088691712,1527 - 0.4528000056743622,594 - 0.4630999863147736,2769 - 0.4961999952793121,793 - 0.4790000021457672
64,1264 - 0.4957000017166138,2431 - 0.4612999856472016,2286 - 0.4562000036239624,923 - 0.4591000080108642,171 - 0.4562999904155731,783 - 0.4609000086784363,636 - 0.4751000106334686,4739 - 0.4781999886035919,3100 - 0.4979999959468842,764 - 0.4839999973773956,1135 - 0.4794000089168549,141 - 0.4566999971866608,2603 - 0.4465000033378601,565 - 0.493800014257431,347 - 0.4679999947547913,1928 - 0.4866999983787537,683 - 0.45210000872612,1349 - 0.4620000123977661,3478 - 0.4891999959945679,473 - 0.4751000106334686
65,1040 - 0.4952999949455261,2276 - 0.4569000005722046,2129 - 0.4537000060081482,606 - 0.4530999958515167,1028 - 0.4555000066757202,974 - 0.4587999880313873,1789 - 0.4641999900341034,4818 - 0.4717999994754791,2375 - 0.4936999976634979,567 - 0.4778999984264374,185 - 0.4727999866008759,428 - 0.4562000036239624,1243 - 0.4433000087738037,856 - 0.4882000088691712,369 - 0.4677000045776367,964 - 0.4781999886035919,1618 - 0.4381999969482422,3015 - 0.4519000053405762,3987 - 0.486299991607666,2881 - 0.472900003194809
66,446 - 0.494700014591217,1982 - 0.4537000060081482,2003 - 0.453000009059906,603 - 0.4505999982357025,606 - 0.4530999958515167,1028 - 0.4555000066757202,2390 - 0.46279999613761896,3480 - 0.471100002527237,3110 - 0.48089998960495,1711 - 0.4715999960899353,406 - 0.4726000130176544,411 - 0.4528000056743622,1664 - 0.4388000071048737,793 - 0.4790000021457672,344 - 0.4677000045776367,1994 - 0.4779999852180481,2017 - 0.4361000061035156,901 - 0.4505999982357025,1840 - 0.4839999973773956,1815 - 0.448500007390976
67,1619 - 0.4853000044822693,1797 - 0.449400007724762,683 - 0.45210000872612,679 - 0.440200001001358,411 - 0.4528000056743622,683 - 0.45210000872612,866 - 0.4582000076770783,2806 - 0.4632000029087066,2549 - 0.4754000008106232,631 - 0.4578000009059906,460 - 0.4691999852657318,409 - 0.4480000138282776,1025 - 0.4381999969482422,567 - 0.4778999984264374,141 - 0.4566999971866608,835 - 0.4765999913215637,527 - 0.4350999891757965,1053 - 0.4483999907970429,139 - 0.4803000092506409,2173 - 0.4372999966144562
68,2326 - 0.4779999852180481,2294 - 0.4474000036716461,31 - 0.4338000118732453,1321 - 0.43869999051094055,703 - 0.4487999975681305,997 - 0.4507000148296356,2066 - 0.4413999915122986,866 - 0.4582000076770783,2881 - 0.472900003194809,1286 - 0.4530999958515167,918 - 0.4643000066280365,223 - 0.4456000030040741,87 - 0.4370999932289124,468 - 0.4560000002384186,428 - 0.4562000036239624,1864 - 0.4738999903202057,1576 - 0.4329000115394592,2588 - 0.4456000030040741,2881 - 0.472900003194809,896 - 0.432099997997284
69,2549 - 0.4754000008106232,1664 - 0.4388000071048737,2063 - 0.4277999997138977,1495 - 0.4366999864578247,911 - 0.4471000134944916,125 - 0.4433999955654144,1618 - 0.4381999969482422,3387 - 0.450899988412857,2412 - 0.4665000140666962,788 - 0.4514000117778778,141 - 0.4566999971866608,125 - 0.4433999955654144,2681 - 0.4365000128746033,431 - 0.4490999877452849,431 - 0.4490999877452849,1416 - 0.4699000120162964,1197 - 0.428600013256073,379 - 0.4350000023841858,1323 - 0.4643000066280365,23 - 0.4318999946117401
70,1430 - 0.4704999923706055,1618 - 0.4381999969482422,1036 - 0.4250999987125397,1965 - 0.4284999966621399,229 - 0.4462999999523163,1147 - 0.42989999055862427,963 - 0.4345000088214874,3623 - 0.4505999982357025,1763 - 0.4657999873161316,229 - 0.4462999999523163,1025 - 0.4381999969482422,1 - 0.4431999921798706,2758 - 0.434799998998642,223 - 0.4456000030040741,329 - 0.4379000067710877,1736 - 0.43230000138282776,1945 - 0.42579999566078186,1751 - 0.4305999875068665,3393 - 0.4442000091075897,3208 - 0.4235000014305115
71,963 - 0.4345000088214874,2143 - 0.4341000020503998,756 - 0.4129999876022339,1236 - 0.42680001258850103,1 - 0.4431999921798706,1096 - 0.4244999885559082,1751 - 0.4305999875068665,603 - 0.4505999982357025,974 - 0.4587999880313873,1 - 0.4431999921798706,329 - 0.4379000067710877,170 - 0.44269999861717213,1615 - 0.4251999855041504,240 - 0.4438999891281128,278 - 0.4334000051021576,896 - 0.432099997997284,2344 - 0.4232000112533569,1614 - 0.4226999878883362,947 - 0.4415000081062317,2930 - 0.4181999862194061
72,123 - 0.428600013256073,1467 - 0.4305999875068665,2847 - 0.41119998693466187,1942 - 0.4154999852180481,352 - 0.44269999861717213,1121 - 0.4241000115871429,2101 - 0.4289999902248383,1736 - 0.43230000138282776,1617 - 0.4501999914646149,214 - 0.44190001487731934,963 - 0.4345000088214874,329 - 0.4379000067710877,1036 - 0.4250999987125397,629 - 0.4262999892234802,23 - 0.4318999946117401,845 - 0.4318999946117401,326 - 0.4199000000953674,301 - 0.42170000076293945,3192 - 0.4411999881267548,2536 - 0.4151999950408936
73,1965 - 0.4284999966621399,123 - 0.428600013256073,1511 - 0.4050999879837036,1645 - 0.4142999947071075,329 - 0.4379000067710877,980 - 0.4083999991416931,1476 - 0.4070000052452088,1065 - 0.43130001425743103,1053 - 0.4483999907970429,1234 - 0.4406999945640564,1011 - 0.4325999915599823,87 - 0.4370999932289124,301 - 0.42170000076293945,587 - 0.4189999997615814,123 - 0.428600013256073,211 - 0.4199000000953674,587 - 0.4189999997615814,586 - 0.4189000129699707,3937 - 0.4402999877929688,1398 - 0.4092999994754791
74,2165 - 0.42770001292228704,956 - 0.4181999862194061,1756 - 0.3975000083446503,78 - 0.4025000035762787,963 - 0.4345000088214874,2 - 0.4059000015258789,252 - 0.4041999876499176,2222 - 0.4302999973297119,1867 - 0.4480000138282776,1885 - 0.4399000108242035,163 - 0.4298000037670136,23 - 0.4318999946117401,1889 - 0.4214999973773956,774 - 0.40630000829696655,156 - 0.4278999865055084,1622 - 0.4106999933719635,1344 - 0.4181999862194061,2292 - 0.4187000095844269,31 - 0.4338000118732453,1151 - 0.3986000120639801
75,2047 - 0.4257000088691712,1344 - 0.4181999862194061,2250 - 0.3952000141143799,821 - 0.3982999920845032,896 - 0.432099997997284,465 - 0.4050999879837036,2359 - 0.4007999897003174,3591 - 0.42680001258850103,2625 - 0.4465999901294708,2029 - 0.43959999084472656,399 - 0.42590001225471497,163 - 0.4298000037670136,1942 - 0.4154999852180481,612 - 0.4056999981403351,399 - 0.42590001225471497,2 - 0.4059000015258789,540 - 0.4146000146865845,2918 - 0.4165000021457672,677 - 0.4330999851226807,2436 - 0.3928000032901764
76,211 - 0.4199000000953674,2536 - 0.4151999950408936,159 - 0.3937999904155731,58 - 0.3946999907493591,587 - 0.4189999997615814,846 - 0.3987999856472016,2168 - 0.3934000134468079,1121 - 0.4241000115871429,23 - 0.4318999946117401,1664 - 0.4388000071048737,540 - 0.4146000146865845,123 - 0.428600013256073,2402 - 0.4147000014781952,231 - 0.4013000130653381,301 - 0.42170000076293945,1681 - 0.4054999947547913,1041 - 0.41400000452995295,2301 - 0.4034000039100647,3411 - 0.4307000041007996,1288 - 0.3917999863624573
77,649 - 0.4187000095844269,1941 - 0.40939998626708973,1934 - 0.3849000036716461,577 - 0.3873000144958496,415 - 0.4119000136852264,1363 - 0.397599995136261,2436 - 0.3928000032901764,2879 - 0.4235999882221222,156 - 0.4278999865055084,1102 - 0.4334999918937683,2 - 0.4059000015258789,326 - 0.4199000000953674,2988 - 0.4138999879360199,803 - 0.3959999978542328,465 - 0.4050999879837036,542 - 0.4045000076293945,1745 - 0.4133999943733215,3000 - 0.4032000005245209,2751 - 0.4226000010967255,258 - 0.3917999863624573
78,1745 - 0.4133999943733215,1398 - 0.4092999994754791,850 - 0.38339999318122864,2052 - 0.3815999925136566,437 - 0.4113999903202057,1299 - 0.3959000110626221,1773 - 0.3871000111103058,3167 - 0.4235999882221222,145 - 0.4266999959945679,2063 - 0.4277999997138977,1046 - 0.4041000008583069,290 - 0.4092000126838684,415 - 0.4119000136852264,529 - 0.3939000070095062,59 - 0.3919999897480011,1990 - 0.3896999955177307,1727 - 0.4120999872684479,78 - 0.4025000035762787,3483 - 0.4205999970436096,1274 - 0.38749998807907104
79,153 - 0.4131999909877777,828 - 0.4092000126838684,765 - 0.382099986076355,351 - 0.3815000057220459,35 - 0.4081999957561493,108 - 0.3923999965190888,2495 - 0.3790999948978424,3679 - 0.4099000096321106,2393 - 0.4077000021934509,2226 - 0.42590001225471497,852 - 0.40400001406669617,427 - 0.4054000079631805,1941 - 0.40939998626708973,159 - 0.3937999904155731,166 - 0.3849999904632568,1581 - 0.3864000141620636,2249 - 0.4101000130176544,2901 - 0.3991999924182892,4573 - 0.41670000553131104,2804 - 0.3873000144958496
80,1941 - 0.40939998626708973,11 - 0.4054999947547913,1792 - 0.3786999881267548,762 - 0.3795999884605408,2 - 0.4059000015258789,59 - 0.3919999897480011,1792 - 0.3786999881267548,1187 - 0.4079999923706055,1105 - 0.4045999944210053,1534 - 0.41940000653266907,577 - 0.3873000144958496,41 - 0.4045000076293945,3381 - 0.4092000126838684,392 - 0.3919999897480011,368 - 0.3833000063896179,1934 - 0.3849000036716461,945 - 0.3935999870300293,2534 - 0.3901000022888184,1645 - 0.4142999947071075,736 - 0.38530001044273376
81,2334 - 0.4092000126838684,2332 - 0.3901999890804291,1446 - 0.37560001015663147,1418 - 0.3763999938964844,612 - 0.4056999981403351,191 - 0.3912000060081482,2349 - 0.37700000405311584,2196 - 0.4066999852657318,2382 - 0.4005999863147736,1187 - 0.4079999923706055,736 - 0.38530001044273376,227 - 0.4013999998569489,2714 - 0.3910000026226044,704 - 0.3899999856948853,63 - 0.3819000124931336,1054 - 0.3747000098228455,2282 - 0.3910999894142151,2632 - 0.38839998841285706,1557 - 0.4034000039100647,1934 - 0.3849000036716461
82,1912 - 0.4079999923706055,410 - 0.388700008392334,1872 - 0.3711000084877014,1563 - 0.37619999051094055,907 - 0.4000999927520752,63 - 0.3819000124931336,1961 - 0.375900000333786,1105 - 0.4045999944210053,3342 - 0.3971000015735626,2393 - 0.4077000021934509,1032 - 0.38530001044273376,59 - 0.3919999897480011,2753 - 0.3869999945163727,765 - 0.382099986076355,194 - 0.3785000145435333,158 - 0.3702999949455261,802 - 0.3844999969005585,1548 - 0.3709000051021576,3887 - 0.4023000001907349,1054 - 0.3747000098228455
83,252 - 0.4041999876499176,2632 - 0.38839998841285706,1521 - 0.3632000088691712,2039 - 0.3750999867916107,63 - 0.3819000124931336,591 - 0.3745999932289124,1054 - 0.3747000098228455,4262 - 0.3955000042915344,2232 - 0.3955999910831451,2273 - 0.4074999988079071,850 - 0.38339999318122864,410 - 0.388700008392334,2119 - 0.3858000040054321,819 - 0.3781999945640564,493 - 0.3686999976634979,1071 - 0.3664000034332275,2424 - 0.3801000118255615,2030 - 0.3587000072002411,227 - 0.4013999998569489,2832 - 0.3734000027179718
84,1949 - 0.3986999988555908,2753 - 0.3869999945163727,1408 - 0.359499990940094,682 - 0.3705999851226807,990 - 0.3759999871253967,1273 - 0.37389999628067017,151 - 0.3680000007152557,410 - 0.388700008392334,945 - 0.3935999870300293,1796 - 0.3885999917984009,351 - 0.3815000057220459,166 - 0.3849999904632568,1934 - 0.3849000036716461,414 - 0.371399998664856,210 - 0.358599990606308,1087 - 0.3662999868392944,853 - 0.3785000145435333,342 - 0.35269999504089355,58 - 0.3946999907493591,710 - 0.3698999881744385
85,1651 - 0.3842000067234039,2421 - 0.3718000054359436,81 - 0.3544999957084656,167 - 0.3693000078201294,441 - 0.3741999864578247,1465 - 0.37380000948905945,1690 - 0.367000013589859,5152 - 0.38440001010894775,765 - 0.382099986076355,1032 - 0.38530001044273376,915 - 0.3808000087738037,414 - 0.371399998664856,2030 - 0.3587000072002411,466 - 0.36739999055862427,462 - 0.3501999974250793,1496 - 0.35830000042915344,2132 - 0.3777999877929688,1888 - 0.3522000014781952,990 - 0.3759999871253967,2535 - 0.3698999881744385
86,850 - 0.38339999318122864,1872 - 0.3711000084877014,2842 - 0.3467999994754791,914 - 0.3684000074863434,167 - 0.3693000078201294,1215 - 0.3677999973297119,2451 - 0.3562999963760376,4215 - 0.38339999318122864,3196 - 0.3776000142097473,1892 - 0.3842000067234039,441 - 0.3741999864578247,167 - 0.3693000078201294,2015 - 0.35260000824928284,376 - 0.3659000098705292,179 - 0.34529998898506165,916 - 0.3580000102519989,1487 - 0.35199999809265137,1445 - 0.35100001096725464,1160 - 0.3727999925613403,1690 - 0.367000013589859
87,784 - 0.3758000135421753,1365 - 0.3673000037670136,1411 - 0.34529998898506165,2030 - 0.3587000072002411,151 - 0.3680000007152557,1174 - 0.36329999566078186,1566 - 0.35190001130104065,681 - 0.3725000023841858,2421 - 0.3718000054359436,441 - 0.3741999864578247,158 - 0.3702999949455261,210 - 0.358599990606308,1481 - 0.3458999991416931,288 - 0.3646000027656555,449 - 0.3391000032424927,559 - 0.3537999987602234,566 - 0.33320000767707825,810 - 0.3488999903202057,2149 - 0.3675000071525574,482 - 0.3560999929904938
88,910 - 0.36880001425743103,1956 - 0.3490000069141388,2768 - 0.3389999866485596,1944 - 0.3578000068664551,376 - 0.3659000098705292,916 - 0.3580000102519989,1103 - 0.3481999933719635,720 - 0.3677999973297119,720 - 0.3677999973297119,1597 - 0.3702000081539154,167 - 0.3693000078201294,13 - 0.352400004863739,2083 - 0.3334999978542328,485 - 0.34049999713897705,50 - 0.3375000059604645,1184 - 0.3524999916553497,705 - 0.3190000057220459,179 - 0.34529998898506165,2589 - 0.3668000102043152,619 - 0.3544000089168549
89,559 - 0.3537999987602234,280 - 0.3470000028610229,2389 - 0.3382000029087067,523 - 0.3555999994277954,731 - 0.3578999936580658,402 - 0.3504000008106232,1993 - 0.3456000089645386,3693 - 0.367000013589859,2439 - 0.3664000034332275,2409 - 0.36890000104904175,308 - 0.3673000037670136,280 - 0.3470000028610229,1241 - 0.3285999894142151,449 - 0.3391000032424927,464 - 0.33329999446868896,1993 - 0.3456000089645386,1628 - 0.3190000057220459,2389 - 0.3382000029087067,3466 - 0.3637999892234802,1417 - 0.35280001163482666
90,2366 - 0.35089999437332153,837 - 0.3447999954223633,509 - 0.3169000148773193,559 - 0.3537999987602234,619 - 0.3544000089168549,1285 - 0.3337000012397766,902 - 0.31610000133514404,3867 - 0.3553999960422516,685 - 0.3662000000476837,1648 - 0.3630999922752381,731 - 0.3578999936580658,209 - 0.32260000705718994,2485 - 0.3251000046730041,83 - 0.32249999046325684,187 - 0.33329999446868896,1871 - 0.3314000070095062,1512 - 0.3158000111579895,2557 - 0.3370000123977661,1888 - 0.3522000014781952,1382 - 0.351500004529953
91,1829 - 0.3492000102996826,1836 - 0.3379000127315521,2852 - 0.28519999980926514,2041 - 0.3490000069141388,342 - 0.35269999504089355,1159 - 0.32409998774528503,1646 - 0.3066999912261963,4811 - 0.3441999852657318,471 - 0.35839998722076416,1662 - 0.3382000029087067,644 - 0.320499986410141,74 - 0.3118000030517578,2562 - 0.3203000128269196,54 - 0.3131999969482422,458 - 0.3307999968528748,458 - 0.3307999968528748,1009 - 0.3118999898433685,2664 - 0.3212999999523163,979 - 0.3210999965667725,936 - 0.3490999937057495
92,1333 - 0.34689998626708984,2090 - 0.3307999968528748,2638 - 0.2764999866485596,1237 - 0.34599998593330383,485 - 0.34049999713897705,1024 - 0.3181999921798706,1048 - 0.3052000105381012,2594 - 0.3418000042438507,916 - 0.3580000102519989,1488 - 0.3382000029087067,116 - 0.3158999979496002,281 - 0.2987000048160553,2754 - 0.31349998712539673,714 - 0.3118000030517578,220 - 0.3165999948978424,220 - 0.3165999948978424,2293 - 0.3102000057697296,644 - 0.320499986410141,1192 - 0.3188999891281128,2664 - 0.3212999999523163
93,1836 - 0.3379000127315521,2928 - 0.3188999891281128,1438 - 0.2752000093460083,350 - 0.33730000257492065,886 - 0.32690000534057617,585 - 0.3156999945640564,1923 - 0.2962000072002411,4233 - 0.3334000110626221,1417 - 0.35280001163482666,128 - 0.33309999108314514,391 - 0.3068000078201294,236 - 0.2842000126838684,74 - 0.3118000030517578,702 - 0.305400013923645,105 - 0.30709999799728394,1646 - 0.3066999912261963,1747 - 0.2897999882698059,2928 - 0.3188999891281128,4185 - 0.2887000143527985,1023 - 0.30720001459121704
94,1474 - 0.3210999965667725,633 - 0.3061000108718872,1153 - 0.2691999971866608,1300 - 0.3296000063419342,74 - 0.3118000030517578,854 - 0.3048999905586243,1924 - 0.2903999984264374,3971 - 0.3278000056743622,13 - 0.352400004863739,2242 - 0.3285999894142151,47 - 0.3059999942779541,306 - 0.2813999950885773,986 - 0.3057000041007996,281 - 0.2987000048160553,313 - 0.29249998927116394,633 - 0.3061000108718872,2477 - 0.27869999408721924,1214 - 0.296099990606308,868 - 0.2793999910354614,1821 - 0.2992999851703644
95,714 - 0.3118000030517578,794 - 0.3052999973297119,1550 - 0.26840001344680786,1552 - 0.3001999855041504,702 - 0.305400013923645,256 - 0.3025999963283539,1886 - 0.2784000039100647,2628 - 0.3210000097751617,1888 - 0.3522000014781952,1190 - 0.321399986743927,702 - 0.305400013923645,25 - 0.2795000076293945,3069 - 0.3019999861717224,451 - 0.25999999046325684,200 - 0.2845999896526337,313 - 0.29249998927116394,1909 - 0.2727999985218048,1924 - 0.2903999984264374,3941 - 0.2768000066280365,1313 - 0.2921000123023987
96,833 - 0.30079999566078186,2202 - 0.29739999771118164,2466 - 0.2617000043392181,1575 - 0.2987000048160553,794 - 0.3052999973297119,976 - 0.28929999470710754,859 - 0.2741000056266785,1849 - 0.30000001192092896,2242 - 0.3285999894142151,220 - 0.3165999948978424,1012 - 0.27379998564720154,247 - 0.2637999951839447,2596 - 0.2883000075817108,382 - 0.25929999351501465,25 - 0.2795000076293945,306 - 0.2813999950885773,2378 - 0.2682999968528748,1621 - 0.2896000146865845,2362 - 0.2766000032424927,646 - 0.2870000004768372
97,1324 - 0.2777999937534332,1802 - 0.258899986743927,2323 - 0.25099998712539673,1911 - 0.2912000119686127,976 - 0.28929999470710754,436 - 0.2773999869823456,382 - 0.25929999351501465,3632 - 0.2849000096321106,1493 - 0.3140000104904175,116 - 0.3158999979496002,517 - 0.2657999992370605,161 - 0.2442999929189682,250 - 0.2824999988079071,204 - 0.24250000715255735,53 - 0.23559999465942386,1324 - 0.2777999937534332,1510 - 0.2612999975681305,1145 - 0.2872999906539917,4141 - 0.2628999948501587,3126 - 0.28519999980926514
98,1739 - 0.27079999446868896,1350 - 0.2474000006914139,2190 - 0.24160000681877136,1685 - 0.2768999934196472,1145 - 0.2872999906539917,382 - 0.25929999351501465,1587 - 0.2449000030755997,306 - 0.2813999950885773,2113 - 0.2653999924659729,306 - 0.2813999950885773,283 - 0.23260000348091125,283 - 0.23260000348091125,1560 - 0.2662000060081482,775 - 0.2345999926328659,71 - 0.2277999967336655,920 - 0.26440000534057617,588 - 0.22470000386238095,2852 - 0.28519999980926514,545 - 0.25609999895095825,29 - 0.27230000495910645
99,1338 - 0.2261999994516373,2498 - 0.05000000074505806,1812 - 0.22339999675750727,971 - 0.2524000108242035,382 - 0.25929999351501465,55 - 0.2291000038385391,2025 - 0.20190000534057614,4831 - 0.2734000086784363,1278 - 0.2508000135421753,2337 - 0.24629999697208405,226 - 0.20069999992847445,71 - 0.2277999967336655,2071 - 0.1582999974489212,832 - 0.21549999713897705,394 - 0.19589999318122864,1587 - 0.2449000030755997,1770 - 0.20739999413490293,1739 - 0.27079999446868896,3113 - 0.24539999663829806,2071 - 0.1582999974489212
